{
  "m762": [
    0.0,
    50.0824308736416,
    34.19065629780766,
    44.990725573244134,
    43.912097937988136,
    54.87035957260083,
    57.434509805657704,
    48.31362840955865,
    49.7463102713713,
    54.747576059760945,
    59.94711223559071,
    60.49001711261379,
    61.59398392630469,
    62.531835972791654,
    63.719401374390856,
    65.52595433282593,
    66.85992676424593,
    68.08598897843689,
    69.30016562150792,
    69.9022408390248,
    69.62731029845834,
    68.95650021801671,
    69.66520484176365,
    70.03300870213829,
    69.24746372733026,
    69.58418991178543,
    70.76458469060341,
    71.51708957522615,
    72.31837860052813,
    72.30606230276615
  ],
  "akm": [
    0.0,
    43.155356995821954,
    35.93842316972547,
    31.287358614233938,
    39.62195642111586,
    44.460999584185835,
    47.33587271783686,
    52.58890990166975,
    42.191701340722624,
    55.515858469142245,
    52.71740458539303,
    54.77732910679537,
    57.43859701236263,
    58.9997802357163,
    59.05238591809264,
    58.54605978156795,
    58.534298742499,
    58.622878259268894,
    58.91961452407419,
    59.287315085022286,
    59.6251733682056,
    59.983290193135176,
    60.80937921549827,
    61.37188548226736,
    61.57121480084615,
    61.304692283028665,
    60.906212617285746,
    60.895889036525034,
    60.729988847377825,
    60.068168845902505,
    58.99811627977512,
    58.4946165253088,
    59.348113293426906,
    60.782229206216954,
    62.55448623730389,
    65.63763176740183,
    71.7556286574854,
    81.72866482216553,
    98.44346187709434,
    125.40748420204575,
    148.20757921516358,
    144.47762011881338,
    128.42788496324317,
    118.72804364991859
  ],
  "aug": [
    0,
    6.2,
    13.4,
    18.0,
    24.2,
    26.2,
    24.4,
    24.4,
    26.2,
    25.2,
    34.2,
    25.8,
    29.0,
    30.6,
    34.2,
    30.4,
    31.0,
    31.6,
    34.6,
    26.6,
    28.0,
    34.4,
    30.8,
    28.4,
    39.6,
    24.0,
    38.0,
    28.2,
    34.8,
    23.4,
    38.2,
    29.8,
    34.8,
    29.8,
    33.4,
    32.6,
    27.4,
    34.4,
    47.2,
    32.4,
    20.6,
    46.0,
    4.2,
    0.2
  ],
  "dp28": [
    0,
    21.5,
    17.75,
    24.75,
    18.0,
    49.5,
    28.0,
    51.75,
    51.5,
    44.75,
    34.0,
    61.25,
    55.25,
    51.5,
    74.25,
    60.75,
    52.75,
    68.75,
    54.5,
    61.25,
    52.25,
    57.25,
    56.0,
    56.25,
    66.75,
    54.75,
    69.5,
    50.25,
    63.0,
    52.75,
    43.0,
    38.25,
    52.0,
    16.75,
    19.0,
    2.75,
    16.75,
    11.5,
    16.75,
    19.0,
    12.0
  ],
  "groza": [
    0.0,
    38.22455026371391,
    19.117325016416647,
    24.878494500571573,
    27.653852667199974,
    33.71930747383748,
    31.2140620412017,
    32.4657455496969,
    29.585708554826784,
    31.97689230850885,
    37.44563086848673,
    37.58528132209328,
    38.252717264953475,
    39.595474115934564,
    40.55499508603472,
    40.72023775223683,
    41.37339305716845,
    43.25666823937854,
    45.14377395736504,
    46.18632240211469,
    46.9792233681398,
    47.638946539147724,
    48.1757090132219,
    48.958321903501364,
    49.57254976483863,
    49.63030025482723,
    49.353307807155716,
    48.868250809921236,
    48.14653714420902,
    47.043690992928276,
    46.26009709545728,
    45.570385339144266,
    45.85785713522877,
    47.144527572718104,
    48.476364034671796,
    49.95720112983559,
    53.128762084398886,
    61.70279443292105,
    61.70279443292105,
    61.70279443292105,
    61.70279443292105
  ],
  "m249": [
    0,
    19.714285714285715,
    13.571428571428571,
    16.428571428571427,
    16.285714285714285,
    22.714285714285715,
    16.285714285714285,
    30.285714285714285,
    32.142857142857146,
    43.42857142857143,
    33.142857142857146,
    32.857142857142854,
    22.285714285714285,
    18.571428571428573,
    29.285714285714285,
    24.857142857142858,
    22.571428571428573,
    26.857142857142858,
    17.142857142857142,
    15.142857142857142,
    21.857142857142858,
    14.571428571428571,
    22.285714285714285,
    15.285714285714286,
    15.0,
    17.285714285714285,
    10.714285714285714,
    22.571428571428573,
    12.428571428571429,
    10.285714285714286,
    3.0,
    3.142857142857143
  ],
  "m416": [
    0,
    2.2,
    18.8,
    22.0,
    26.2,
    23.8,
    35.2,
    28.2,
    39.4,
    36.6,
    38.2,
    36.2,
    44.4,
    31.6,
    50.8,
    35.2,
    48.6,
    40.6,
    45.2,
    42.8,
    46.2,
    45.8,
    48.2,
    41.8,
    46.0,
    45.4,
    45.2,
    47.4,
    48.2,
    50.8,
    26.0,
    0.2,
    0.2
  ],
  "qbz": [
    0.0,
    43.49456000959992,
    18.6381159477777,
    28.83234398907129,
    28.975221060029156,
    34.85045601203167,
    36.25150581128469,
    36.06267695558507,
    35.12753558897325,
    36.39470241128661,
    50.01759967820364,
    50.23383371491491,
    50.83208283202793,
    52.08107335383439,
    53.8996563500274,
    55.38338983015676,
    55.88679784360636,
    55.72252351042927,
    55.133495166305394,
    54.43345319795891,
    54.34425016419943,
    55.06885266884339,
    56.12782519210142,
    56.58291654555427,
    56.13354782790691,
    55.383162682149276,
    54.839316596122,
    54.33866348902118,
    53.9659051486649,
    54.08803973710043,
    54.68682343858163,
    55.02208452775382,
    54.47802856387846,
    54.019040857991996,
    54.917742564574695,
    56.98608974765408,
    58.754016410020846,
    60.71455527522447,
    66.54261608768911,
    77.69071685715747,
    86.11540397412836,
    82.1929910540756,
    75.44979583111225
  ],
  "scar": [
    0.0,
    42.36686981704755,
    18.018352940432383,
    26.86771595708113,
    29.535718988863486,
    36.77419836010954,
    37.047238116496224,
    36.67904223864176,
    41.47233415424567,
    42.05005322036633,
    46.153251611473564,
    46.507664544570815,
    47.20779824041763,
    47.91273591387564,
    48.52999906568498,
    49.08741292692726,
    49.37917219422366,
    49.46995435368842,
    49.86247728384771,
    50.217294635057485,
    49.89264514896138,
    48.97713820715968,
    48.180331112110096,
    47.99465057339202,
    48.14045579349354,
    48.35259123148474,
    48.639083010422155,
    48.81102100895572,
    48.62443963923177,
    48.14946458229441,
    47.74996419744166,
    47.77861428651491,
    48.096187544108936,
    48.45163289815672,
    48.384726047911464,
    47.57885834972846,
    46.49750946939933,
    44.71530035461862,
    41.19477163436932,
    35.852653071529446,
    30.911644808807623,
    28.864983970802772,
    28.415155813180963,
    28.162170569707335
  ],
  "g36c": [
    0.0,
    41.47115088499964,
    16.28428324284239,
    22.036061147314726,
    30.882282781288428,
    31.6942931764172,
    33.4619000178705,
    37.806435262859715,
    41.29815655201115,
    41.332387302528225,
    43.106739402378984,
    43.865233638333606,
    45.31779393746801,
    47.071198072495854,
    48.82566157423983,
    50.204156139094124,
    50.875929114589226,
    51.29402692191529,
    51.623838397599414,
    51.95603054783295,
    52.45345736473388,
    52.785247812275514,
    53.08560643112301,
    53.78780999066703,
    53.969066900548256,
    53.63899829648041,
    53.38843734613742,
    52.96979687121501,
    52.19525408061518,
    51.233479685377574,
    50.96176362990629,
    51.158290568226235,
    50.61629691255729,
    49.322595636093254,
    48.42679068947636,
    48.34399762031408,
    48.95952104069815,
    50.18677508640808,
    51.63265608549354,
    53.88907962996161,
    54.418842977799656,
    48.50594756887503,
    39.87937997443675
  ],