{"m762": [0.0, 50.0824308736416, 34.19065629780766, 44.990725573244134, 43.912097937988136, 54.87035957260083, 57.434509805657704, 48.31362840955865, 49.7463102713713, 54.747576059760945, 59.94711223559071, 60.49001711261379, 61.59398392630469, 62.531835972791654, 63.719401374390856, 65.52595433282593, 66.85992676424593, 68.08598897843689, 69.30016562150792, 69.9022408390248, 69.62731029845834, 68.95650021801671, 69.66520484176365, 70.03300870213829, 69.24746372733026, 69.58418991178543, 70.76458469060341, 71.51708957522615, 72.31837860052813, 72.30606230276615], "ace32": [0.0, 45.398578251798575, 32.260751921164946, 37.80932482838928, 37.97844487144855, 42.67421495758485, 46.60500547139225, 47.85398299708544, 45.420873572217985, 48.14608918993359, 55.47838459402338, 54.63239658933837, 54.40974573918274, 55.963286438334244, 58.128267373322956, 58.96364708555892, 59.291329440065596, 60.449427269437194, 61.72683672258874, 62.40092942517788, 62.94766680570677, 63.25064692346979, 63.41083386821459, 63.57725423576932, 63.16095049898851, 63.09071033170984, 63.58268773942524, 63.780477057962315, 63.97406890091816, 63.833822507745964, 62.8698768001324, 61.97360274842555, 62.1801840629669, 63.29522715860396, 65.2694112663059, 67.72411561630565, 69.58036446590073, 70.96957626257534, 72.67268028363297, 74.27993713510355, 75.56556404421191, 76.98130790006505, 78.53779322992312, 79.94260536594433, 81.04276007406011, 81.82427010561413, 82.33619906217919, 82.64569101923108, 82.81446704607386, 82.88730998883466], "akm": [0.0, 43.155356995821954, 35.93842316972547, 31.287358614233938, 39.62195642111586, 44.460999584185835, 47.33587271783686, 52.58890990166975, 42.191701340722624, 55.515858469142245, 52.71740458539303, 54.77732910679537, 57.43859701236263, 58.9997802357163, 59.05238591809264, 58.54605978156795, 58.534298742499, 58.622878259268894, 58.91961452407419, 59.287315085022286, 59.6251733682056, 59.983290193135176, 60.80937921549827, 61.37188548226736, 61.57121480084615, 61.304692283028665, 60.906212617285746, 60.895889036525034, 60.729988847377825, 60.068168845902505, 58.99811627977512, 58.4946165253088, 59.348113293426906, 60.782229206216954, 62.55448623730389, 65.63763176740183, 71.7556286574854, 81.72866482216553, 98.44346187709434, 125.40748420204575, 148.20757921516358, 144.47762011881338, 128.42788496324317, 118.72804364991859], "aug": [0.0, 40.33563699618491, 18.244833084077097, 26.456924528399867, 30.745325953380046, 26.11339495798322, 32.62568373192848, 31.84306085087373, 31.291494166978065, 35.85142988477664, 32.71332454493617, 33.586545243855184, 34.60413047070727, 35.706102117009394, 37.4447964627956, 39.37186296040244, 40.57510426192128, 41.30807720270357, 41.67157347753361, 41.278097154999756, 40.217200920656694, 39.45881272978944, 39.05812312120003, 39.208725909117035, 39.50665012135002, 39.29566234899416, 39.23674245538421, 39.28662468398192, 39.01681184519094, 38.80334336942971, 38.77244309166467, 38.786741183713346, 38.523959726987044, 37.81531528946094, 36.78534338444811, 35.38373640151287, 34.12235069976234, 35.39668156169392, 42.35172991826195, 55.45704321352452, 61.9815663091491, 49.51973399040368, 32.434281789967784, 23.55399005946938], "dp28": [0, 21.5, 17.75, 24.75, 18.0, 49.5, 28.0, 51.75, 51.5, 44.75, 34.0, 61.25, 55.25, 51.5, 74.25, 60.75, 52.75, 68.75, 54.5, 61.25, 52.25, 57.25, 56.0, 56.25, 66.75, 54.75, 69.5, 50.25, 63.0, 52.75, 43.0, 38.25, 52.0, 16.75, 19.0, 2.75, 16.75, 11.5, 16.75, 19.0, 12.0], "groza": [0.0, 38.22455026371391, 19.117325016416647, 24.878494500571573, 27.653852667199974, 33.71930747383748, 31.2140620412017, 32.4657455496969, 29.585708554826784, 31.97689230850885, 37.44563086848673, 37.58528132209328, 38.252717264953475, 39.595474115934564, 40.55499508603472, 40.72023775223683, 41.37339305716845, 43.25666823937854, 45.14377395736504, 46.18632240211469, 46.9792233681398, 47.638946539147724, 48.1757090132219, 48.958321903501364, 49.57254976483863, 49.63030025482723, 49.353307807155716, 48.868250809921236, 48.14653714420902, 47.043690992928276, 46.26009709545728, 45.570385339144266, 45.85785713522877, 47.144527572718104, 48.476364034671796, 49.95720112983559, 53.128762084398886, 61.70279443292105, 61.70279443292105, 61.70279443292105, 61.70279443292105], "m249": [0, 19.714285714285715, 13.571428571428571, 16.428571428571427, 16.285714285714285, 22.714285714285715, 16.285714285714285, 30.285714285714285, 32.142857142857146, 43.42857142857143, 33.142857142857146, 32.857142857142854, 22.285714285714285, 18.571428571428573, 29.285714285714285, 24.857142857142858, 22.571428571428573, 26.857142857142858, 17.142857142857142, 15.142857142857142, 21.857142857142858, 14.571428571428571, 22.285714285714285, 15.285714285714286, 15.0, 17.285714285714285, 10.714285714285714, 22.571428571428573, 12.428571428571429, 10.285714285714286, 3.0, 3.142857142857143], "m416": [0.0, 41.10392518554472, 21.73215943602892, 30.217675131546553, 31.74656888937828, 37.31134609528905, 33.641137893758746, 39.94735434449451, 40.22400164785368, 44.10078230554484, 42.92221873154406, 44.482956102255, 46.20623145813224, 47.513702478086614, 48.973336855848025, 50.46988342509323, 51.485705760181105, 51.97345396450277, 52.04250007083825, 52.035586947466115, 52.108011222434584, 52.4513696641345, 52.41804214452735, 51.75067431207245, 50.74455869970335, 50.41346406867345, 50.72662875030667, 51.037817532598346, 50.93554389367168, 50.70828652548009, 49.910370275888084, 49.43719011027076, 50.041587014073635, 51.01026041896173, 52.534752626452146, 55.03958409661368, 59.265971390477475, 66.65832037117612, 80.29107388693441, 101.64909856918217, 116.42289747252283, 107.2414322705248, 88.85395103042228, 75.54608605757406, 66.99047364867542, 61.415836731117274, 57.87625864134415, 55.75179486422867, 54.59265711529333, 54.091561943938856], "qbz": [0.0, 43.49456000959992, 18.6381159477777, 28.83234398907129, 28.975221060029156, 34.85045601203167, 36.25150581128469, 36.06267695558507, 35.12753558897325, 36.39470241128661, 50.01759967820364, 50.23383371491491, 50.83208283202793, 52.08107335383439, 53.8996563500274, 55.38338983015676, 55.88679784360636, 55.72252351042927, 55.133495166305394, 54.43345319795891, 54.34425016419943, 55.06885266884339, 56.12782519210142, 56.58291654555427, 56.13354782790691, 55.383162682149276, 54.839316596122, 54.33866348902118, 53.9659051486649, 54.08803973710043, 54.68682343858163, 55.02208452775382, 54.47802856387846, 54.019040857991996, 54.917742564574695, 56.98608974765408, 58.754016410020846, 60.71455527522447, 66.54261608768911, 77.69071685715747, 86.11540397412836, 82.1929910540756, 75.44979583111225], "p90": [0.0, 24.300699941018582, 11.0536081514893, 17.146310444693817, 17.73004303151281, 20.30968108813499, 23.31323917488027, 16.814104711658022, 24.137448159741208, 20.033735004531152, 23.98344142212651, 23.995806671694012, 24.56024319965551, 24.62438156577971, 23.54075671090125, 22.211805451392486, 20.24818793713647, 18.382469493620338, 17.229062596890323, 16.576604275609334, 16.47795956102585, 16.252396401988946, 15.923387291397137, 15.502725673458396, 14.862280578072898, 15.230394864298422, 15.853036519324608, 16.3379209718144, 16.518869845465204, 15.881916727251532, 15.396812875866548, 14.941501334145286, 15.246728662594197, 16.065803540672768, 16.118623935623646, 16.26157015038358, 16.181484926721843, 16.443994645480185, 17.45614662734016, 18.376465106361785, 18.584179471187646, 17.57913658908722, 16.430979925909263, 15.777337317620427, 15.415899693291415, 14.979008576755641, 15.550663314719774, 16.2254020031335, 16.423762261240032, 17.163850445851736],